Модель,URL зображення,Магазин,Ціна
"Samsung UE-43BU8002 43 """,,,"Ціна від 16 810 до 24 906 грн.Порівняти ціни та купити Samsung UE-43BU8002 43 """
"LG OLED55C2 55 """,,,"Ціна від 141 490 грн.Порівняти ціни та купити LG OLED55C2 55 """
"Xiaomi Mi TV P1 32 32 """,,,"Ціна від 16 700 грн.Порівняти ціни та купити Xiaomi Mi TV P1 32 32 """
"Samsung QE-55Q70A 55 """,,,"Ціна від 109 980 грн.Порівняти ціни та купити Samsung QE-55Q70A 55 """
"LG 32LQ6300 32 """,,,"Ціна від 11 840 до 14 927 грн.Порівняти ціни та купити LG 32LQ6300 32 """
,,,
"Sony XR-55X90J 55 """,,,"Ціна від 30 000 до 54 058 грн.Порівняти ціни та купити Sony XR-55X90J 55 """
"Xiaomi Mi TV Q1E 55 55 """,,,"Ціна від 19 999 грн.Порівняти ціни та купити Xiaomi Mi TV Q1E 55 55 """
"Samsung QE-50Q80B 50 """,,,"Ціна від 36 990 до 45 963 грн.Порівняти ціни та купити Samsung QE-50Q80B 50 """
"LG 55UP7500 55 """,,,"Ціна від 15 010 до 20 910 грн.Порівняти ціни та купити LG 55UP7500 55 """
"TCL 55C825 55 """,,,"Ціна від 23 999 грн.Порівняти ціни та купити TCL 55C825 55 """
"Samsung QE-43Q60B 43 """,,,"Ціна від 24 200 до 29 813 грн.Порівняти ціни та купити Samsung QE-43Q60B 43 """
"Philips 55PUS8807 55 """,,,"Ціна від 83 390 грн.Порівняти ціни та купити Philips 55PUS8807 55 """
"Philips 50PUS8507 50 """,,,"Ціна від 21 500 до 33 139 грн.Порівняти ціни та купити Philips 50PUS8507 50 """
"LG 43UQ7500 43 """,,,"Ціна від 22 500 до 25 658 грн.Порівняти ціни та купити LG 43UQ7500 43 """
"Samsung QE-55Q70B 55 """,,,"Ціна від 36 500 до 42 999 грн.Порівняти ціни та купити Samsung QE-55Q70B 55 """
"Philips 55OLED807 55 """,,,"Ціна від 47 790 грн.Порівняти ціни та купити Philips 55OLED807 55 """
"Samsung QE-55QN85B 55 """,,,"Ціна від 30 400 до 46 071 грн.Порівняти ціни та купити Samsung QE-55QN85B 55 """
"Sony XR-65X90K 65 """,,,"Ціна від 41 200 грн.Порівняти ціни та купити Sony XR-65X90K 65 """
"LG 32LM6370 32 """,,,"Ціна від 13 600 грн.Порівняти ціни та купити LG 32LM6370 32 """
"LG OLED55C8 55 """,,,
"Hisense 55U7HQ 55 """,,,"Ціна від 83 374 грн.Порівняти ціни та купити Hisense 55U7HQ 55 """
"LG 50QNED82 2022 50 """,,,"Ціна від 52 490 грн.Порівняти ціни та купити LG 50QNED82 2022 50 """
"Ergo 32GFS6500 32 """,,,"Ціна від 10 400 грн.Порівняти ціни та купити Ergo 32GFS6500 32 """
"Liberton 32TP1HDTA1 32 """,,,"Ціна від 8 213 грн.Порівняти ціни та купити Liberton 32TP1HDTA1 32 """
